{"loss": [17.377666473388672, 13.733759880065918, 12.977153778076172, 12.568265914916992, 12.32916259765625, 12.161382675170898, 12.046082496643066, 11.953266143798828, 11.883782386779785, 11.811420440673828, 11.754281997680664], "acc": [0.4275611937046051, 0.49386370182037354, 0.5114174485206604, 0.5214397311210632, 0.5280489921569824, 0.533195972442627, 0.5376124382019043, 0.5413711071014404, 0.5444015860557556, 0.5473741888999939, 0.5498718619346619], "val_loss": [13.971142768859863, 12.782057762145996, 12.39799690246582, 12.265890121459961, 12.182777404785156, 12.140963554382324, 12.123425483703613, 12.108565330505371, 12.123506546020508, 12.157414436340332, 12.151755332946777], "val_acc": [0.48186275362968445, 0.5133123397827148, 0.5228960514068604, 0.5284090638160706, 0.5315602421760559, 0.5340717434883118, 0.5353914499282837, 0.5366942286491394, 0.5373037457466125, 0.5366771817207336, 0.537126362323761]}